producte,price,review,link
معالج كمبيوتر محمول رباعي النواة ، i7 3632qm ، SR0V0 ، ذاكرة التخزين المؤقت 6M ، 2.2GHz ، i7-3632qm,"EGP1,510.88",96.5%,https://ar.aliexpress.com/item/32825744644.html?pdp_ext_f=%7B%22sku_id%22%3A%2265035176644%22%7D&utparam-url=scene%3Asearch%7Cquery_from%3A
عصا دونجل مع هوائي CRC9 ، غير مقفل ، وصل حديثًا ، E3372 ، e372s ، 331.2 s ، 365 ، 1.2 ، 4G LTE,"EGP1,374.39",91.4%,https://ar.aliexpress.com/item/4000054634008.html?pdp_ext_f=%7B%22sku_id%22%3A%2212000037074328134%22%7D&utparam-url=scene%3Asearch%7Cquery_from%3A
لوحة أم للألعاب مزودة بنواة داخلية ، مجموعة تجميع سطح المكتب ، عدة تداخل ، i9 ، 13900HX ، DDR5 ، 24 c32t ، DIY,"EGP22,401.27EGP44,802.54-50%",94.3%,https://ar.aliexpress.com/item/1005006866701505.html?pdp_ext_f=%7B%22sku_id%22%3A%2212000038562420152%22%7D&utparam-url=scene%3Asearch%7Cquery_from%3A
منفذ توصيل 4 منافذ ، 2.5gps ، أو لا poe التبديل 1x10g sfp + 1x10 لتحديد المواقع ، rj45,"EGP5,639.72",87.5%,https://ar.aliexpress.com/item/1005006222506874.html?pdp_ext_f=%7B%22sku_id%22%3A%2212000036349088152%22%7D&utparam-url=scene%3Asearch%7Cquery_from%3A
14/23 19/26 24/29 29/32 34/35 40/38 50/42 أنثى إلى أخرى Boro. الزجاج المشترك الزجاج الحد محول نقل الأواني الزجاجية مختبر,"EGP215.85EGP229.61-6%
  أكثر من5 قطع، خصم إضافي3%",95.4%,https://ar.aliexpress.com/item/33051746459.html?pdp_ext_f=%7B%22sku_id%22%3A%2212000034711721785%22%7D&utparam-url=scene%3Asearch%7Cquery_from%3A
Hasivo جميع 10 جيجابت بو أو بدون بو إيثرنت التبديل 8*10 جيجابايت لكل ثانية RJ45 ميناء شبكة التوصيل والتشغيل 10gbe 10gb 10000mbps,"EGP16,729.59",87.5%,https://ar.aliexpress.com/item/1005005584354045.html?pdp_ext_f=%7B%22sku_id%22%3A%2212000033644870679%22%7D&utparam-url=scene%3Asearch%7Cquery_from%3A
Gazzew-مفتاح لوحة المفاتيح الميكانيكية ، بوبا U4 ، نسخة RGB V2 ، اللمس الصامت ، مفتاح مخصص ، 65g ، أسفل ، 5Pin ، دبابيس الصلب,"EGP3,009.43",99.6%,https://ar.aliexpress.com/item/1005004901230711.html?pdp_ext_f=%7B%22sku_id%22%3A%2212000030956123791%22%7D&utparam-url=scene%3Asearch%7Cquery_from%3A
Zopin-ماوس لاسلكي z2 ، paw3395 ، بلوتوث ، 3 وضع ، 4k ، مستقبل ، نورديك ، رقاقة ، 65g ، مريح ، لألعاب الكمبيوتر,"EGP2,863.52",98.9%,https://ar.aliexpress.com/item/1005006745225282.html?pdp_ext_f=%7B%22sku_id%22%3A%2212000038166328806%22%7D&utparam-url=scene%3Asearch%7Cquery_from%3A
لوحة مفاتيح ميكانيكية من DOIO 16 مفتاحًا ، لوحة مفاتيح مصممة ، 3 مقابض ، شاشة OLED ، تخصيص ، لوحة مفاتيح صغيرة ، محمولة,"EGP3,160.01",96.7%,https://ar.aliexpress.com/item/1005006399338767.html?pdp_ext_f=%7B%22sku_id%22%3A%2212000037027123312%22%7D&utparam-url=scene%3Asearch%7Cquery_from%3A
إنتل كور i5 12400f ، 6 نواة ، وحدة معالجة مركزية 12 خيط ، 10 نانومتر ، l3 = 18 متر ، 65 واط ، لغا ، جديدة ولكن بدون مبرد,"EGP2,110.86 موفرة",97.8%,https://ar.aliexpress.com/item/1005004148570102.html?pdp_ext_f=%7B%22sku_id%22%3A%2212000038427960106%22%7D&utparam-url=scene%3Asearch%7Cquery_from%3A
موترم لوكس 2.0 سلسلة جيب الحجم مخطط مرصوف بالحصى الجلود A7 دفتر مع حلقة 30 مللي متر جدول الأعمال المصغر المنظم مذكرات المفكرة,"EGP2,416.55EGP4,833.10-50%",98.3%,https://ar.aliexpress.com/item/1005003245987342.html?pdp_ext_f=%7B%22sku_id%22%3A%2212000026639755695%22%7D&utparam-url=scene%3Asearch%7Cquery_from%3A
قلم حملة جميل القلب USB فلاش حملة 16G 32G 64GB 128G 256G ذاكرة فلاش القرص الكريستال القلب قلادة Pendrive ميموري USB عصا,EGP231.28EGP308.53-25%,96.6%,https://ar.aliexpress.com/item/4000235062879.html?pdp_ext_f=%7B%22sku_id%22%3A%2212000021942987164%22%7D&utparam-url=scene%3Asearch%7Cquery_from%3A
GL.iNet-MUDI V2 مع جهاز توجيه OpenWrt 4G LTE ، Mbps ، 1 nc Max MicroSD ،,"EGP2,288.11 موفرة",98.8%,https://ar.aliexpress.com/item/1005006199769015.html?pdp_ext_f=%7B%22sku_id%22%3A%2212000036281906056%22%7D&utparam-url=scene%3Asearch%7Cquery_from%3A
Phezer-طابعة نافثة للحبر المحمولة ، طابعة الملصقات ، رمز دفع شريط QR ، التاريخ ، الرقم ، الشعار ، تاريخ انتهاء الصلاحية ، 12.7 مللي متر ، 25 لغة,"EGP6,065.30EGP9,331.60-35%",93.2%,https://ar.aliexpress.com/item/1005005948994979.html?pdp_ext_f=%7B%22sku_id%22%3A%2212000034984913488%22%7D&utparam-url=scene%3Asearch%7Cquery_from%3A
راوتر ZTE U50 Pro واي فاي 5G MU5120 واي فاي 6 10000mAh 3600Mbps NSA + SA موبايل هوت سبوت 5G راوتر,"EGP13,547.14EGP27,094.34-50%",80.8%,https://ar.aliexpress.com/item/1005005820015943.html?pdp_ext_f=%7B%22sku_id%22%3A%2212000034464967904%22%7D&utparam-url=scene%3Asearch%7Cquery_from%3A
كابل LONRIONSAS-Mini SAS HD ، كابل SFF إلى 4x SATA 7Pin ، كبلات SAS صغيرة مع شريط جانبي ، متوافقة مع 12 جيجابايت في الثانية,EGP169.11,93.4%,https://ar.aliexpress.com/item/1005005831252365.html?pdp_ext_f=%7B%22sku_id%22%3A%2212000034506068912%22%7D&utparam-url=scene%3Asearch%7Cquery_from%3A
شاومى-ماوس لاسلكي lite whz ، محمول ، رملي ، أسود ، شحن سريع ، بيع بالجملة ، xmwxsb01ym,EGP464.92EGP929.84-50%,100.0%,https://ar.aliexpress.com/item/1005006759549147.html?pdp_ext_f=%7B%22sku_id%22%3A%2212000038211772119%22%7D&utparam-url=scene%3Asearch%7Cquery_from%3A
USB 3.0 2.0 SATA حتى 6 Gbps 3 كابل Sata إلى USB 3.0 داعم محول 2.5 بوصة خارجي HDD وسيط تخزين ذو حالة ثابتة/ القرص الصلب 22 دبوس Sata III كابل,"EGP81.51EGP163.50-50%
  أكثر من3 قطع، خصم إضافي10%",93.6%,https://ar.aliexpress.com/item/1005004886495976.html?pdp_ext_f=%7B%22sku_id%22%3A%2212000030893767541%22%7D&utparam-url=scene%3Asearch%7Cquery_from%3A
Sanrio Kawaii Hellokitty جيب كتاب بلدي ميلودي 1 قطعة صغيرة المحمولة طالب المفكرة A6 ورقة لفائف كتاب الكرتون اللوازم المدرسية,"EGP651.04EGP868.07-25%
  أكثر من2 قطع، خصم إضافي3%",96.0%,https://ar.aliexpress.com/item/1005005825212407.html?pdp_ext_f=%7B%22sku_id%22%3A%2212000034485229903%22%7D&utparam-url=scene%3Asearch%7Cquery_from%3A
محول توصيل خرطوم مشترك 14/23 ، أواني زجاجية للمختبر ، منحنية 90 درجة,"EGP63.03EGP66.35-5%
  أكثر من10 قطع، خصم إضافي5%",94.9%,https://ar.aliexpress.com/item/32802489114.html?pdp_ext_f=%7B%22sku_id%22%3A%2264156999882%22%7D&utparam-url=scene%3Asearch%7Cquery_from%3A
"محمول 22MP فيلم سلبي الماسح الضوئي 35 مللي متر محول الشريحة صور عارض الصور الرقمية مع 2.4 ""LCD البناء في برامج التحرير","EGP4,264.86EGP5,686.64-25%",96.1%,https://ar.aliexpress.com/item/1005002120704115.html?pdp_ext_f=%7B%22sku_id%22%3A%2212000021385804842%22%7D&utparam-url=scene%3Asearch%7Cquery_from%3A
شاشة كمبيوتر لوحي صناعي Pro ، كمبيوتر شخصي صغير ، شاشة تعمل باللمس ، مروحة كمبيوتر ، إنتل N5095 ، واي فاي ، ويندوز 11 ، 16 جيجابايت ، جي بي ،,"EGP11,409.18EGP22,370.99-49%",96.6%,https://ar.aliexpress.com/item/1005006398697863.html?pdp_ext_f=%7B%22sku_id%22%3A%2212000037025767708%22%7D&utparam-url=scene%3Asearch%7Cquery_from%3A
وسادة حرارية موصلة 8.5 واط-هانيويل PTM7950 مرحلة تغيير بطانة حماية من السيليكون ورقة كمبيوتر محمول وحدة المعالجة المركزية وحدة معالجة الرسومات سيليكون الشحوم الوسادة,EGP137.44EGP180.57-24%,94.7%,https://ar.aliexpress.com/item/1005005079093393.html?pdp_ext_f=%7B%22sku_id%22%3A%2212000031558405701%22%7D&utparam-url=scene%3Asearch%7Cquery_from%3A
كتلة مغناطيسية لموارد تعلم الرياضيات ، تستخدم مع الأسطح المغناطيسية أو السبورات ، عمر 6 + ، 20 مجموعة ، 0.87in,"EGP356.87
جديد：صفقة مبكرة",92.0%,https://ar.aliexpress.com/item/1005006807900442.html?pdp_ext_f=%7B%22sku_id%22%3A%2212000038373720429%22%7D&utparam-url=scene%3Asearch%7Cquery_from%3A
1 قطعة الطاقة الشمسية Crookes الإشعاع نموذج المعدات التعليمية الإشعاع ضوء ضغط طاحونة بولومتر,EGP456.32EGP570.40-20%,91.0%,https://ar.aliexpress.com/item/1005005384600461.html?pdp_ext_f=%7B%22sku_id%22%3A%2212000032834488439%22%7D&utparam-url=scene%3Asearch%7Cquery_from%3A
زجاجة كرتونية للتفاعل على شكل فم أرضي قياسية واحدة ، سعة 25 مللي ، مفصل 19/26 ، صمام مفتاح زجاجي ، قارورة رد فعل,"EGP855.76
  أكثر من5 قطع، خصم إضافي10%",99.4%,https://ar.aliexpress.com/item/1005003717295064.html?pdp_ext_f=%7B%22sku_id%22%3A%2212000026915874433%22%7D&utparam-url=scene%3Asearch%7Cquery_from%3A
Powercon-محول لوحة التوصيل الشاسيه ، نوع أ ، NAC3FCA ، NAC3MPA-1 ، 30 Set,"EGP1,831.72EGP2,617.02-30%",92.3%,https://ar.aliexpress.com/item/1005005985278660.html?pdp_ext_f=%7B%22sku_id%22%3A%2212000035185051396%22%7D&utparam-url=scene%3Asearch%7Cquery_from%3A
30 مللي 50 مللي 100 مللي 250 مللي 500 مللي 1000 مللي GG17 البورسليكات الزجاج كلداهل جولة أسفل طويل الرقبة مختبر قارورة النيتروجين تقرير,"EGP103.31EGP109.00-5%
  أكثر من10 قطع، خصم إضافي2%",94.9%,https://ar.aliexpress.com/item/32917055788.html?pdp_ext_f=%7B%22sku_id%22%3A%2265910571088%22%7D&utparam-url=scene%3Asearch%7Cquery_from%3A
فوميمو-طابعة حرارية لاسلكية ، طابعة تسمية الشحن الصغيرة ، متوافقة مع آيفون ، أندرويد ، ماك ، ويندوز ، 241 بلوتوث ، 4x6,"EGP3,838.32EGP7,676.65-50%",96.7%,https://ar.aliexpress.com/item/1005006074818290.html?pdp_ext_f=%7B%22sku_id%22%3A%2212000035612023776%22%7D&utparam-url=scene%3Asearch%7Cquery_from%3A
Asus B85M-G اللوحة الأم الأصلية B85 المقبس LGA 1150 i3 i5 i7 E3 DDR3 HDMI DVI مايكرو ATX للبيع,"EGP1,890.97EGP1,990.49-5%",95.3%,https://ar.aliexpress.com/item/1005005477933758.html?pdp_ext_f=%7B%22sku_id%22%3A%2212000033242953008%22%7D&utparam-url=scene%3Asearch%7Cquery_from%3A
محول شبكة إيثرنت ، 8 منافذ ، متعدد جيجابت ، 2.5g,"EGP1,856.37 موفرة",98.1%,https://ar.aliexpress.com/item/1005005823244914.html?pdp_ext_f=%7B%22sku_id%22%3A%2212000034479133386%22%7D&utparam-url=scene%3Asearch%7Cquery_from%3A
معالج I7 3630qm SR0UX CPU للكمبيوتر المحمول ، ذاكرة التخزين المؤقتة 6M ، 2.4GHz-3.4GHz ، رباعي النواة ، i7-3630qm,EGP860.65,96.5%,https://ar.aliexpress.com/item/32820842012.html?pdp_ext_f=%7B%22sku_id%22%3A%2264905848235%22%7D&utparam-url=scene%3Asearch%7Cquery_from%3A
OUTEMU-مفاتيح لوحة المفاتيح الميكانيكية ، قزم GTMX ، 3 دبابيس خطي باللمس Clicky ، ديي مخصص ، الأخضر ، البني ، الأحمر ، الأسود ، نصف الطول,EGP379.23EGP412.21-8%,97.9%,https://ar.aliexpress.com/item/1005006529973412.html?pdp_ext_f=%7B%22sku_id%22%3A%2212000037546471982%22%7D&utparam-url=scene%3Asearch%7Cquery_from%3A
معالج Intel core 2 quad q9550 ، 2.8 جيجاهرتز ، رباعي النواة ، رباعي الخيط ، 12 متر ، 95 واط ، lga 775,"EGP493.71
  أكثر من2 قطع، خصم إضافي2%",96.9%,https://ar.aliexpress.com/item/1005005981585981.html?pdp_ext_f=%7B%22sku_id%22%3A%2212000035162754215%22%7D&utparam-url=scene%3Asearch%7Cquery_from%3A
DrunkDeerA75Pro لوحة مفاتيح ميكانيكية سريعة الزناد ، لوحة مفاتيح الألعاب TKL ، مفتاح مغناطيسي سريع للغاية ، مدمج ، 82 مفتاحًا,"EGP6,451.14",98.9%,https://ar.aliexpress.com/item/1005006676042222.html?pdp_ext_f=%7B%22sku_id%22%3A%2212000038002406950%22%7D&utparam-url=scene%3Asearch%7Cquery_from%3A
مفتاح شبكة إيثرنت من هوراكو ، 8 منافذ ، 2.5 GBASE-T ، فتحة SFP Plus 10G ، شبكة الإرسال ، موزع الإنترنت ، بدون مروحة ، 2.5 GBASE-T,"EGP2,745.46EGP9,467.15-71%
  أكثر من3 قطع، خصم إضافي10%",98.5%,https://ar.aliexpress.com/item/1005005943823096.html?pdp_ext_f=%7B%22sku_id%22%3A%2212000034975655862%22%7D&utparam-url=scene%3Asearch%7Cquery_from%3A
ماوس لاسلكي niljutso V2 ، مستشعر Paw3395 ، وضعان ، USB ، G ، خفيف الوزن ، ألعاب 8K ، رياضة إلكترونية ، ملحقات ألعاب الكمبيوتر,"EGP5,792.80
  أكثر من2 قطع، خصم إضافي2%",91.3%,https://ar.aliexpress.com/item/1005006696192239.html?pdp_ext_f=%7B%22sku_id%22%3A%2212000038033691598%22%7D&utparam-url=scene%3Asearch%7Cquery_from%3A
Angitu PWM سرعة تحكم 4Pin PWM مروحة حاكم USB TYPE-C امدادات الطاقة لتقوم بها بنفسك مبرد مياه التبريد,"EGP308.05
  أكثر من10 قطع، خصم إضافي10%",97.7%,https://ar.aliexpress.com/item/1005005641297015.html?pdp_ext_f=%7B%22sku_id%22%3A%2212000033853588087%22%7D&utparam-url=scene%3Asearch%7Cquery_from%3A
مقفلة هواوي 5G CPE برو H112-370 الدولية مع بطاقة Sim WIFI6,"EGP8,557.64",89.5%,https://ar.aliexpress.com/item/1005003207125098.html?pdp_ext_f=%7B%22sku_id%22%3A%2212000037894729540%22%7D&utparam-url=scene%3Asearch%7Cquery_from%3A
كابل إمداد الطاقة لمحرك الأقراص الصلبة ، العاصمة ، إلى SATA IDE ، منظم جهد تنحيف,"EGP946.90
  أكثر من2 قطع، خصم إضافي2%",88.3%,https://ar.aliexpress.com/item/1005006624805916.html?pdp_ext_f=%7B%22sku_id%22%3A%2212000037858141037%22%7D&utparam-url=scene%3Asearch%7Cquery_from%3A
شاومي ماوس لاسلكي مزدوج الوضع Mi ماوس صامت بلوتوث USB اتصال بصري كتم كمبيوتر محمول مفكرة مكتب الألعاب الماوس,EGP606.62EGP758.28-20%,96.2%,https://ar.aliexpress.com/item/1005002747008966.html?pdp_ext_f=%7B%22sku_id%22%3A%2212000021948861223%22%7D&utparam-url=scene%3Asearch%7Cquery_from%3A
سطح محطة إرساء ORICO مع حافظة M.2 SSD مزدوجة ، حاوية محرك الأقراص الصلبة ، رصيف بخار ، 10 في 1 ، HDMI ، 4K60Hz ، PD100W ، إيثرنت,"EGP4,792.82 موفرة",96.3%,https://ar.aliexpress.com/item/1005006436056075.html?pdp_ext_f=%7B%22sku_id%22%3A%2212000037159758774%22%7D&utparam-url=scene%3Asearch%7Cquery_from%3A
محطة إرساء USB C ، محول متعدد المنافذ مع منفذ عرض HDMI مزدوج 4K ، 100 واط PD ، الصوت ، SD ، TF ، إيثرنت ، 16 في 1,"EGP2,303.98",92.5%,https://ar.aliexpress.com/item/1005006060834676.html?pdp_ext_f=%7B%22sku_id%22%3A%2212000038630598545%22%7D&utparam-url=scene%3Asearch%7Cquery_from%3A
Phezer 12.7/25.4 مللي متر طابعة نافثة للحبر المحمولة QR شريط دفعة رمز رقم التاريخ شعار تاريخ انتهاء الصلاحية آلة الترميز المحمولة,"EGP6,059.62EGP9,322.60-35%",93.2%,https://ar.aliexpress.com/item/1005005259778179.html?pdp_ext_f=%7B%22sku_id%22%3A%2212000038591637403%22%7D&utparam-url=scene%3Asearch%7Cquery_from%3A
GL.iNet-فلينت 2 جهاز التوجيه المنزلي والمكتبي ، واي فاي 8 تيار ، 6 تكنولوجيا ، OpenWrt ، 2.5G منافذ إيثرنت ، الرقابة الأبوية ، GL-MT6000,"EGP2,934.55 موفرة",98.8%,https://ar.aliexpress.com/item/1005006139422421.html?pdp_ext_f=%7B%22sku_id%22%3A%2212000036370622410%22%7D&utparam-url=scene%3Asearch%7Cquery_from%3A
طابعة نافثة للحبر محمولة يدويًا ، التاريخ ، الرقم ، تاريخ انتهاء الصلاحية ، الشعار ، شريط QR ، رمز الدفعة ، طابعة الملصقات ، 28 لغة,"EGP4,095.19EGP6,300.37-35%",93.2%,https://ar.aliexpress.com/item/1005006380716145.html?pdp_ext_f=%7B%22sku_id%22%3A%2212000036978752067%22%7D&utparam-url=scene%3Asearch%7Cquery_from%3A
كابل شاحن عالمي لقلم الكتابة اليدوية ، ماتبد ماص مغناطيسي ، قضيب شحن لهاتف محمول ، الجيل الأول والثاني,"EGP1,163.78EGP1,639.12-29%",97.3%,https://ar.aliexpress.com/item/1005006155942551.html?pdp_ext_f=%7B%22sku_id%22%3A%2212000036025743310%22%7D&utparam-url=scene%3Asearch%7Cquery_from%3A
مقفلة هواوي E3372h-607 4G LTE 150Mbps USB دونغل مودم 2 قطعة هوائيات,"EGP1,990.49",91.4%,https://ar.aliexpress.com/item/1005002475520106.html?pdp_ext_f=%7B%22sku_id%22%3A%2212000020784146162%22%7D&utparam-url=scene%3Asearch%7Cquery_from%3A
Yoofun-مجموعة حدود عتيقة ، مواد ديكور الإطار ، لوحة مذكرات ورقية ، مجلة خردة ذاتية الصنع ، سكرابوكينغ ، مفكرة ، إبداعية ، 30 ورقة,"EGP79.62EGP99.52-20%
  أكثر من5 قطع، خصم إضافي3%",98.8%,https://ar.aliexpress.com/item/1005006628275902.html?pdp_ext_f=%7B%22sku_id%22%3A%2212000038238500383%22%7D&utparam-url=scene%3Asearch%7Cquery_from%3A
1600 قطعة علامات التبويب لزجة ، 8 حزمة علامات التبويب الفهارس شفافة ، مجموعات شروح الكتاب ، أعلام علامات التبويب الكتاب ، علامة صفحة لزجة ملونة,"EGP85.31EGP117.06-27%
  أكثر من2 قطع، خصم إضافي3%",95.6%,https://ar.aliexpress.com/item/1005005530546982.html?pdp_ext_f=%7B%22sku_id%22%3A%2212000033432189800%22%7D&utparam-url=scene%3Asearch%7Cquery_from%3A
مختبر الطرد المركزي الكهربائية 900-2 سرعة منخفضة 4000rpm 2086xg 6*20 مللي الاتحاد الأوروبي الولايات المتحدة البلازما مصل PRP PRF آلة منفصلة,"EGP2,676.83EGP3,824.08-30%
  أكثر من3 قطع، خصم إضافي1%",85.0%,https://ar.aliexpress.com/item/1005005450028443.html?pdp_ext_f=%7B%22sku_id%22%3A%2212000034730829708%22%7D&utparam-url=scene%3Asearch%7Cquery_from%3A
زجاج أزرق شفاف كاشف زجاجة 100/250/500/1000 مللي برغي الفم مقياس مختبر أخذ العينات زجاجة شفافة الفم الحرير,"EGP673.92EGP748.80-10%
  أكثر من10 قطع، خصم إضافي2%",90.6%,https://ar.aliexpress.com/item/4001208184536.html?pdp_ext_f=%7B%22sku_id%22%3A%2210000015304322740%22%7D&utparam-url=scene%3Asearch%7Cquery_from%3A
سطح المكتب عالية السرعة ماسح الباركود ، منصة صورة ، 1D ، 2D ، قارئ رمز الاستجابة السريعة ، USB متعدد الاتجاهات,"EGP1,410.41EGP2,820.81-50%",93.8%,https://ar.aliexpress.com/item/1005006131501767.html?pdp_ext_f=%7B%22sku_id%22%3A%2212000037266932633%22%7D&utparam-url=scene%3Asearch%7Cquery_from%3A
مزود طاقة حافظة كمبيوتر حراري ، ميدالية SFX بلاتينية ، وحدة كاملة ، دعم ATX3.0 ، Pcie5.0 ، 1.2 W ،,"EGP4,223.63EGP9,182.32-54%",96.3%,https://ar.aliexpress.com/item/1005006605887435.html?pdp_ext_f=%7B%22sku_id%22%3A%2212000037800745571%22%7D&utparam-url=scene%3Asearch%7Cquery_from%3A
النمام المغناطيسي مع شريط تحريك ، خلاط ، 3000 دورة في الدقيقة ، أقصى قدرة التحريك: 3000 مللي,"EGP1,398.08
  أكثر من3 قطع، خصم إضافي3%",96.8%,https://ar.aliexpress.com/item/1000006016791.html?pdp_ext_f=%7B%22sku_id%22%3A%2266351509041%22%7D&utparam-url=scene%3Asearch%7Cquery_from%3A
ذاكرة محمولة على شكل مستطيل USB شخصية بندريف 256 32 8 جيجا بايت شريط ذهبي Chiavetta usb 4 جيجا بايت 16 جيجا بايت 32 جيجا بايت ذاكرة فلاش 128 جيجا بايت 64 جيجا بايت,EGP162.56EGP217.06-25%,96.6%,https://ar.aliexpress.com/item/4000965478428.html?pdp_ext_f=%7B%22sku_id%22%3A%2210000012930592714%22%7D&utparam-url=scene%3Asearch%7Cquery_from%3A
وثيقة منظم حقيبة A4 مجلد حامل الرجال المرأة حقيبة غطاء محفظة جواز سفر المنزل آمنة وظيفية ملف تخزين حافظة,EGP441.31EGP639.58-31%,95.2%,https://ar.aliexpress.com/item/1005002315134843.html?pdp_ext_f=%7B%22sku_id%22%3A%2212000020046092957%22%7D&utparam-url=scene%3Asearch%7Cquery_from%3A
مشابك ورقية ملونة ، لوازم مكتبية ، مشبك كبير على شكل حرف U للكتب ، مناسبة للكتابة,"EGP72.04EGP257.82-72%
جديد：صفقة مبكرة ، بقي 2 فقط",96.3%,https://ar.aliexpress.com/item/1005006838422716.html?pdp_ext_f=%7B%22sku_id%22%3A%2212000038468803995%22%7D&utparam-url=scene%3Asearch%7Cquery_from%3A
كتاب رسائل ضيف الزفاف العتيقة ، تسجيل الهاتف ، الصوت ، خمر ، اعتراف ، البريد الصوتي,"EGP4,265.33EGP7,108.89-40%",98.2%,https://ar.aliexpress.com/item/1005005582932935.html?pdp_ext_f=%7B%22sku_id%22%3A%2212000033640820091%22%7D&utparam-url=scene%3Asearch%7Cquery_from%3A
كمبيوتر صغير hig2 Pro بشاشة تعمل باللمس ، كمبيوتر ، ويندوز 11 ، WiFi5 ، BT5.0 ، سطح المكتب ، ، mAh ، n95 ، 16 جيجابايت ، GB ، GB ، GB ، in,تنتهي في: 20 مايو 09:59 (GMT+3),100.0%,https://ar.aliexpress.com/item/1005006340036939.html?pdp_ext_f=%7B%22sku_id%22%3A%2212000036819436543%22%7D&utparam-url=scene%3Asearch%7Cquery_from%3A
معالج I7 3770 ، ذاكرة التخزين المؤقتة 8 متر ، 3.40 جيجاهرتز ، رباعي النواة ، lga1155 ، 77 واط ، مناسب للكمبيوتر المكتبي,"EGP2,273.90",96.5%,https://ar.aliexpress.com/item/32818968761.html?pdp_ext_f=%7B%22sku_id%22%3A%2264722735964%22%7D&utparam-url=scene%3Asearch%7Cquery_from%3A
إنتل-كور i5 11400f خيط ، 6 core ، 12 core ، l3 = 12m ، 65w ، lga ، جديد ولكن بدون مروحة,"EGP1,910.86 موفرة",96.9%,https://ar.aliexpress.com/item/1005003113503485.html?pdp_ext_f=%7B%22sku_id%22%3A%2212000038525978432%22%7D&utparam-url=scene%3Asearch%7Cquery_from%3A
دوروك صامتة T1 الروبيان 67g مطلية بالذهب الربيع 5 دبابيس الصمت اللمس التبديل الثقيلة اللمس هادئة الميكانيكية لوحة المفاتيح Keyswitch,"EGP460.66EGP582.93-21%
  أكثر من20 قطع، خصم إضافي5%",97.2%,https://ar.aliexpress.com/item/1005003070659190.html?pdp_ext_f=%7B%22sku_id%22%3A%2212000030215672443%22%7D&utparam-url=scene%3Asearch%7Cquery_from%3A
"حزمة أدوات لوحة المفاتيح الميكانيكية, لوحة تزييت الاكريليك, 33-فتحه رمح, جسم رمح, لوحة التزييت, اختبار رمح التشحيم",EGP487.79EGP513.46-5%,87.5%,https://ar.aliexpress.com/item/1005006431112606.html?pdp_ext_f=%7B%22sku_id%22%3A%2212000037142446021%22%7D&utparam-url=scene%3Asearch%7Cquery_from%3A
اللوحة الأم USB 2.0 9pin رأس 1 إلى 2 تمديد محور الفاصل محول محول,EGP70.62EGP141.23-50%,94.0%,https://ar.aliexpress.com/item/1005006163863586.html?pdp_ext_f=%7B%22sku_id%22%3A%2212000036062597549%22%7D&utparam-url=scene%3Asearch%7Cquery_from%3A
كابل تمديد USB بزاوية قائمة ، ذكر إلى أنثى ، محول USB مسطح ، سلك موسع ، 26AWG ، 4 Core ، 90 درجة ، قصير,EGP208.53,96.3%,https://ar.aliexpress.com/item/1005006038289765.html?pdp_ext_f=%7B%22sku_id%22%3A%2212000035436115853%22%7D&utparam-url=scene%3Asearch%7Cquery_from%3A
HORACO 2.5GbE إيثرنت التبديل 8 ميناء 2.5 GBASE-T 2500Mbps شبكة التبديل 10G الإرسال منفذ SFP التوصيل والتشغيل بدون مروحة غير المدارة,"EGP2,388.58EGP6,634.96-64%
  أكثر من3 قطع، خصم إضافي10%",98.5%,https://ar.aliexpress.com/item/1005005828586257.html?pdp_ext_f=%7B%22sku_id%22%3A%2212000034564169480%22%7D&utparam-url=scene%3Asearch%7Cquery_from%3A
مفتاح شبكة إيثرنت L3 جيجابت ، يدعم DHCP والتوجيه الديناميكي ، تقسيم وميناء VLAN ، 8 10 جيجابت SFP بالإضافة إلى المنافذ,"EGP3,953.49EGP4,597.08-14%
  أكثر من2 قطع، خصم إضافي2%",99.3%,https://ar.aliexpress.com/item/1005005974750676.html?pdp_ext_f=%7B%22sku_id%22%3A%2212000037263910331%22%7D&utparam-url=scene%3Asearch%7Cquery_from%3A
فأر بصري لاسلكي من النوع C ، مستشعر بلوتوث ، صانيس ، صانوس ، صانوس,"EGP2,653.99",96.5%,https://ar.aliexpress.com/item/1005006711108907.html?pdp_ext_f=%7B%22sku_id%22%3A%2212000038112773908%22%7D&utparam-url=scene%3Asearch%7Cquery_from%3A
فأرة لاسلكية VGN اليعسوب F1 2.4G باو 3395 قابلة لإعادة الشحن من النوع C فأرة ألعاب مزدوجة الوضع Fps خفيفة الوزن ملحقات ألعاب الكمبيوتر,"EGP2,535.03EGP3,621.74-30%",96.6%,https://ar.aliexpress.com/item/1005005666882142.html?pdp_ext_f=%7B%22sku_id%22%3A%2212000033948589383%22%7D&utparam-url=scene%3Asearch%7Cquery_from%3A
موزع منفذ USB 3.2 متعدد من ORICO موزع USB من النوع C موزع متعدد 4 فتحات محطة شحن موسع مع قارئ بطاقة شاحن محول,"EGP1,592.86EGP1,990.96-20%
  أكثر من2 قطع، خصم إضافي2%",94.4%,https://ar.aliexpress.com/item/1005005417069321.html?pdp_ext_f=%7B%22sku_id%22%3A%2212000032978880857%22%7D&utparam-url=scene%3Asearch%7Cquery_from%3A
جديد ملون مثبت مؤشر علامات التبويب ملاحظات مذكرات دفتر صفحة علامات تصنيف ملصق مكتب مدرسة لوازم مكتبية,EGP42.66EGP85.31-50%,95.1%,https://ar.aliexpress.com/item/1005005021483839.html?pdp_ext_f=%7B%22sku_id%22%3A%2212000031365916615%22%7D&utparam-url=scene%3Asearch%7Cquery_from%3A
سكين Kawaii Love Heart ، قاطع ورق ، سكين جيب صغير ، قاطع صندوق الأمان ، فاتحات المغلف ، قرطاسية كورية قابلة لإعادة الملء,EGP35.16EGP73.27-52%,96.8%,https://ar.aliexpress.com/item/1005006771149255.html?pdp_ext_f=%7B%22sku_id%22%3A%2212000038242779686%22%7D&utparam-url=scene%3Asearch%7Cquery_from%3A
10 قطعة/الوحدة هايت نوعية USB فلاش حملة القلم محرك 4 جيجابايت 8 جيجابايت 16 جيجابايت 32 جيجابايت Usb بندريف 64 جيجابايت ذاكرة عصا القدرة الحقيقية U القرص Cle Usb,"EGP718.00 / الكثير (10 قطع)
EGP755.91-5%",98.0%,https://ar.aliexpress.com/item/1005005786425678.html?pdp_ext_f=%7B%22sku_id%22%3A%2212000034351155717%22%7D&utparam-url=scene%3Asearch%7Cquery_from%3A
طابعة إيصالات مع طابعة أتوماتيكية ، طابعة قطع ، طابعة مطبخ ، صانعة USB ، منفذ الشبكة المحلية ، 80T ، 80T ،,"EGP1,011.65EGP1,124.08-10%",91.7%,https://ar.aliexpress.com/item/1005006625888179.html?pdp_ext_f=%7B%22sku_id%22%3A%2212000037857961593%22%7D&utparam-url=scene%3Asearch%7Cquery_from%3A
مكرر شبكة شاومي للمكتب والمنزل ، أجهزة توجيه الإشارة الخارجية للشبكات ، الكثير ، Wifi6 ، AX6000 ، 160MHZ ، 4K ، QAM ، 512MB جيجابت ، Vpn,"EGP3,571.03EGP5,853.93-39%",96.5%,https://ar.aliexpress.com/item/1005002722030417.html?pdp_ext_f=%7B%22sku_id%22%3A%2212000021860587009%22%7D&utparam-url=scene%3Asearch%7Cquery_from%3A
حلوى ملونة M5 غطاء مذكرات ورقة فضفاضة ، 5 فتحات ، الشفافية ، دفتر ملاحظات PVC ، قذيفة ورقة فضفاضة ، دفتر صغير ثلاثة أضعاف,"EGP56.40EGP93.84-40%
جديد: تم إطلاقها في آخر 30 يومًا",96.9%,https://ar.aliexpress.com/item/1005006853662838.html?pdp_ext_f=%7B%22sku_id%22%3A%2212000038520930142%22%7D&utparam-url=scene%3Asearch%7Cquery_from%3A
Ks-Tek قارورة فارغة معقمة مع منفذ حقن الشفاء الذاتي ، مع غطاء ألومنيوم قابل للطي ، حزمة معقمة,EGP426.06 / الكثير (10 حزم),95.0%,https://ar.aliexpress.com/item/1005002583714000.html?pdp_ext_f=%7B%22sku_id%22%3A%2212000030050966858%22%7D&utparam-url=scene%3Asearch%7Cquery_from%3A
جديد 15.6 inche 30 دبوس شاشة NT156WHM-N42 NT156WHM-N32 N12 B156XTN07.1 B156XTN07.0 B156XTN04.5 B156XTN04.6 N156BGE-EA2 EB1 E42,"EGP1,349.47
  أكثر من5 قطع، خصم إضافي10%",95.2%,https://ar.aliexpress.com/item/1005005212793268.html?pdp_ext_f=%7B%22sku_id%22%3A%2212000032204681564%22%7D&utparam-url=scene%3Asearch%7Cquery_from%3A
علامات فهرسة شفافة ذاتية اللصق ، ملاحظات لاصقة ، تصنيف الملفات ، أعلام منشورة عليها ، ملصقات مخطط ، مقاومة للماء ، من من من من من من من من ؟,"EGP362.91EGP725.82-50%
  أكثر من3 قطع، خصم إضافي2%",91.9%,https://ar.aliexpress.com/item/1005006370051801.html?pdp_ext_f=%7B%22sku_id%22%3A%2212000036928343771%22%7D&utparam-url=scene%3Asearch%7Cquery_from%3A
1 قطعة Lytwtw لطيف كيتي القط باو مسطرة مستقيمة Kawaii القرطاسية مضحك الرسم هدية الكورية مكتب مدرسة قياس الرسم,EGP35.55EGP56.40-37%,97.3%,https://ar.aliexpress.com/item/1005002679708154.html?pdp_ext_f=%7B%22sku_id%22%3A%2212000021681633759%22%7D&utparam-url=scene%3Asearch%7Cquery_from%3A
Niimbot ملصق ملصق حراري ذاتي اللصق ، ورق أبيض قابل للطي ، عرض 20-50 ، علامة ملابس ، سلعة ، سعر ، طعام ، B21 ، B1 ، B3S,EGP118.49EGP236.98-50%,98.0%,https://ar.aliexpress.com/item/1005006472832191.html?pdp_ext_f=%7B%22sku_id%22%3A%2212000037321938712%22%7D&utparam-url=scene%3Asearch%7Cquery_from%3A
WAVLINK-موسع شبكي طويل المدى ، هوائيات عالية الكسب ، واي فاي ، داخلي ، خارجي ، نطاق مزدوج ، 8000G ، 5G ، AX3000 ، IP67 ، 4x8dBi,"EGP5,226.45 موفرة",95.0%,https://ar.aliexpress.com/item/1005006698314200.html?pdp_ext_f=%7B%22sku_id%22%3A%2212000038038824306%22%7D&utparam-url=scene%3Asearch%7Cquery_from%3A
الخزف هاون ومدقة 60 مللي متر/80 مللي متر/90 مللي متر/100 مللي متر/130 مللي متر/160 مللي متر/216 مللي متر/254 مللي متر خلط طحن مجموعة صحون الأبيض مختبر عدة أدوات,EGP68.25EGP72.04-5%,94.9%,https://ar.aliexpress.com/item/32800842236.html?pdp_ext_f=%7B%22sku_id%22%3A%2264088087931%22%7D&utparam-url=scene%3Asearch%7Cquery_from%3A
طابعة نافثة للحبر صغيرة محمولة باليد ، دفعة الباركود QR ، رقم التاريخ ، آلة تشفير تاريخ انتهاء صلاحية الشعار ، غير مشفرة ، محمولة ، بفوهة,"EGP2,317.15EGP3,620.54-36%
  أكثر من10 قطع، خصم إضافي5%",92.1%,https://ar.aliexpress.com/item/1005006354629248.html?pdp_ext_f=%7B%22sku_id%22%3A%2212000036866817717%22%7D&utparam-url=scene%3Asearch%7Cquery_from%3A
قلم صغير لطيف محركات 64 جيجابايت USB فلاش حملة 32 جيجابايت ذاكرة عصا 16 جيجابايت 8 جيجابايت 4 جيجابايت الهدايا مفتاح سلسلة,EGP121.79EGP264.92-54%,96.5%,https://ar.aliexpress.com/item/1005005457089346.html?pdp_ext_f=%7B%22sku_id%22%3A%2212000033158663912%22%7D&utparam-url=scene%3Asearch%7Cquery_from%3A
سكين قرطاسية على شكل حيوان كرتوني كاواي ، سكين جيب صغير متعدد الأغراض قابل للطي ، قلم إلكتروني ذاتي الصنع ، سكين فتح المغلف,EGP27.96EGP39.81-30%,96.2%,https://ar.aliexpress.com/item/1005005298192899.html?pdp_ext_f=%7B%22sku_id%22%3A%2212000032537446113%22%7D&utparam-url=scene%3Asearch%7Cquery_from%3A
كمبيوتر لوحي متين من Oukkitel ، إصدار شبكة 4G العالمية ، Oukkitel ، 20000nah ، علامة تبويب الطاقة ، ذاكرة رام 6 جيجابايت ، ذاكرة روم ، جيجابايت ، معالج MediaTek Helio G99 ، RT8,"EGP12,500.74
  أكثر من50 قطع، خصم إضافي2%",,https://ar.aliexpress.com/item/1005006838459076.html?pdp_ext_f=%7B%22sku_id%22%3A%2212000038468877036%22%7D&utparam-url=scene%3Asearch%7Cquery_from%3A
لطيف أرنب سحابة اللون سكين فائدة صغيرة محمولة ، ورقة القاطع ، شفرة الحلاقة ، مكتب القرطاسية ، لوازم القطع,EGP33.31EGP83.34-60%,96.9%,https://ar.aliexpress.com/item/1005006162392126.html?pdp_ext_f=%7B%22sku_id%22%3A%2212000036054426926%22%7D&utparam-url=scene%3Asearch%7Cquery_from%3A
هيكل مدمج في قرص صلب التوسع 3.5 بوصة HDD قرص صلب ميكانيكي فرضه قوس سبائك الألومنيوم,EGP308.05,97.8%,https://ar.aliexpress.com/item/1005004298223964.html?pdp_ext_f=%7B%22sku_id%22%3A%2212000030406267961%22%7D&utparam-url=scene%3Asearch%7Cquery_from%3A
معالج كور i7-2820QM i7 CPU ، SR012 ، 2.3 جيجاهرتز ، 8 متر ، مقبس 45 واط ، G2 ، rPGA988B,"EGP1,160.17",96.5%,https://ar.aliexpress.com/item/32822919483.html?pdp_ext_f=%7B%22sku_id%22%3A%2264823238741%22%7D&utparam-url=scene%3Asearch%7Cquery_from%3A
معالج وحدة المعالجة المركزية رباعي النواة ، i7 3770K ، 3.5 GHz ، 8M ، 77W ، LGA 1155 ، Core i7-3770K,"EGP2,589.06",96.5%,https://ar.aliexpress.com/item/32820883092.html?pdp_ext_f=%7B%22sku_id%22%3A%2264766106007%22%7D&utparam-url=scene%3Asearch%7Cquery_from%3A
لوحة المفاتيح الميكانيكية اللاسلكية ، الانظار Gateron التبديل ، متوافق مع ويندوز وماك ، Air75 V2 ، بلوتوث 2.4g ، 75%,"EGP6,971.19",94.6%,https://ar.aliexpress.com/item/1005006135164405.html?pdp_ext_f=%7B%22sku_id%22%3A%2212000035921178917%22%7D&utparam-url=scene%3Asearch%7Cquery_from%3A
مسطحة ورقيقة ومرنة ، ذكر إلى ذكر ، أنثى FFC ، FPC ، معيار ، زاوية USB لأعلى ، نوع A FPC ، 5 من-من-من ، 10 من ، 20 من ، 30 ، 40 في من,EGP89.57EGP94.31-5%,96.6%,https://ar.aliexpress.com/item/1005006339236679.html?pdp_ext_f=%7B%22sku_id%22%3A%2212000036816333680%22%7D&utparam-url=scene%3Asearch%7Cquery_from%3A
لوحة مفاتيح الألعاب الميكانيكية الكورية K8 ، لاسلكية ، سلكية ، متوافقة مع البلوتوث ، لوحة مفاتيح ألعاب ، غطاء مفاتيح شخصي ، مفاتيح ، K6,"EGP1,655.42EGP3,245.92-49%
جديد: تم إطلاقها في آخر 30 يومًا",94.4%,https://ar.aliexpress.com/item/1005006878905555.html?pdp_ext_f=%7B%22sku_id%22%3A%2212000038599936493%22%7D&utparam-url=scene%3Asearch%7Cquery_from%3A
جيجابت محول الشبكة 90 درجة الزاوية اليمنى الكوع شبكة كابل عام RJ45 ذكر شاحن أنثي 360 درجة دوران,EGP400.47,97.5%,https://ar.aliexpress.com/item/1005004967646861.html?pdp_ext_f=%7B%22sku_id%22%3A%2212000031287272681%22%7D&utparam-url=scene%3Asearch%7Cquery_from%3A
Zazin-ماوس ألعاب لاسلكي z2,"EGP2,843.77
جديد: تم إطلاقها في آخر 30 يومًا",100.0%,https://ar.aliexpress.com/item/1005006857904840.html?pdp_ext_f=%7B%22sku_id%22%3A%2212000038535291080%22%7D&utparam-url=scene%3Asearch%7Cquery_from%3A
لوجيتك الأصلي MX ERGO ماوس كرة التتبع اللاسلكي 2.4G كمبيوتر محمول لاسلكي مكتب الرسم CAD,"EGP3,663.92EGP7,327.84-50%
  أكثر من10 قطع، خصم إضافي5%",95.2%,https://ar.aliexpress.com/item/1005005849922154.html?pdp_ext_f=%7B%22sku_id%22%3A%2212000034568668296%22%7D&utparam-url=scene%3Asearch%7Cquery_from%3A
مفتاح إيثرنت من HORACO للتوصيل والتشغيل ، 10Gbe ، SFP + ، 8 منافذ ، 10000Mbps ، SFP + بصري ، مفتاح عدم التحكم في المختبر المنزلي,"EGP3,773.40EGP9,675.67-61%
  أكثر من2 قطع، خصم إضافي2%",98.5%,https://ar.aliexpress.com/item/1005006225296112.html?pdp_ext_f=%7B%22sku_id%22%3A%2212000036358916274%22%7D&utparam-url=scene%3Asearch%7Cquery_from%3A
Wavlink AC600 عالية الطاقة في الهواء الطلق موزع إنترنت واي فاي/نقطة الوصول/CPE اللاسلكية واي فاي مكرر مزدوج Dand 2.4/5Ghz 2x7dBi هوائي POE,"EGP1,840.73EGP2,707.07-32%
  أكثر من2 قطع، خصم إضافي2%",95.0%,https://ar.aliexpress.com/item/32948772335.html?pdp_ext_f=%7B%22sku_id%22%3A%2266269849553%22%7D&utparam-url=scene%3Asearch%7Cquery_from%3A
جيجابت محول ايثرنت عكس بو التبديل 8 RJ45 2 SC محول وسائط من الفايبر الألياف البصرية UTP ميناء PCBA,"EGP727.07EGP1,547.02-53%",90.6%,https://ar.aliexpress.com/item/1005004138640672.html?pdp_ext_f=%7B%22sku_id%22%3A%2212000028158854666%22%7D&utparam-url=scene%3Asearch%7Cquery_from%3A
Yekumm YF-P11K CAT4 150 متر في الهواء الطلق الجيل الثالث 3G 4G LTE CPE راوتر مع نقطة اتصال واي فاي,"EGP4,345.42EGP5,871.94-26%
  أكثر من5 قطع، خصم إضافي2%",90.0%,https://ar.aliexpress.com/item/32820615371.html?pdp_ext_f=%7B%22sku_id%22%3A%2212000034147445838%22%7D&utparam-url=scene%3Asearch%7Cquery_from%3A
محرك فلاش USB بتشفير بصمة الأصبع ، قرص تخزين للذاكرة ، Type-C ، USB 3.2 ، FU68 ، 32 GB ، 64 GB ، 128 GB ، 256 GB,تنتهي في: 20 مايو 09:59 (GMT+3),95.2%,https://ar.aliexpress.com/item/1005006155745042.html?pdp_ext_f=%7B%22sku_id%22%3A%2212000036025705416%22%7D&utparam-url=scene%3Asearch%7Cquery_from%3A
زهر الكرز ورقة كليب الإبداعية لطيف المعادن المرجعية كليب رائعة جميلة ورقة كليب دفتر الديكور القرطاسية,EGP236.97EGP473.93-50%,98.9%,https://ar.aliexpress.com/item/1005005609795365.html?pdp_ext_f=%7B%22sku_id%22%3A%2212000033740242034%22%7D&utparam-url=scene%3Asearch%7Cquery_from%3A
مصغرة مختبر الزجاج قمع ، البورسليكات الأواني الزجاجية ، مثلث قمع ، 30 مللي متر ، 40 مللي متر ، 50 مللي متر ، 60 مللي متر ، 75 مللي متر ، 90 مللي متر ، 100 مللي متر ، 120 مللي متر,"EGP31.27EGP33.17-5%
  أكثر من20 قطع، خصم إضافي3%",94.9%,https://ar.aliexpress.com/item/32910711129.html?pdp_ext_f=%7B%22sku_id%22%3A%2265900281358%22%7D&utparam-url=scene%3Asearch%7Cquery_from%3A
طقم لوحة أم QIYIDA X99 طراز LGA 2011-3 Xeon E5 2690 V4 معالج وحدة المعالجة المركزية 4 قنوات DDR4 2*16G = ذاكرة رام 32 جيجابايت كومبو USB ATX NVME M.2,"EGP5,924.07EGP11,848.15-50%",93.7%,https://ar.aliexpress.com/item/1005005847570617.html?pdp_ext_f=%7B%22sku_id%22%3A%2212000034562181339%22%7D&utparam-url=scene%3Asearch%7Cquery_from%3A
غلاف كارتوني قطيفة لألبوم الصور ، ألبوم الصور ، الصور الضوئية ، الصور الضوئية ، الإضافية ، الكورية ، اللطيفة ، ألبوم الصور ، حامل الصور ، كتاب التجميع ، القرطاسية المدرسية ، A6,"EGP437.43EGP616.10-29%
جديد: تم إطلاقها في آخر 30 يومًا",98.0%,https://ar.aliexpress.com/item/1005006879337772.html?pdp_ext_f=%7B%22sku_id%22%3A%2212000038601737595%22%7D&utparam-url=scene%3Asearch%7Cquery_from%3A
N19 USB منصة تبريد تعمل بالطاقة ، محمولة ، صامتة ، مروحة ، كمبيوتر محمول ، تبريد,EGP965.39,92.6%,https://ar.aliexpress.com/item/1005006744145703.html?pdp_ext_f=%7B%22sku_id%22%3A%2212000038163098518%22%7D&utparam-url=scene%3Asearch%7Cquery_from%3A
طابعة ملصقات بلوتوث محمولة ، طابعة حرارية لاسلكية ، حبر لا حاجة إليه,EGP645.11,98.6%,https://ar.aliexpress.com/item/1005006596860467.html?pdp_ext_f=%7B%22sku_id%22%3A%2212000037766183705%22%7D&utparam-url=scene%3Asearch%7Cquery_from%3A
14/23 19/26 24/29 24/40 29/32 34/35 40/38 سدادة الأرضي المشترك مختبر الزجاج جلبة محول الحرارة غطاء برغي,"EGP69.19EGP72.98-5%
  أكثر من10 قطع، خصم إضافي2%",94.5%,https://ar.aliexpress.com/item/32838068332.html?pdp_ext_f=%7B%22sku_id%22%3A%2265174012935%22%7D&utparam-url=scene%3Asearch%7Cquery_from%3A
مختبر ماصة 20ul 25ul 30ul 50ul 75ul 100ul Micropipette ثابتة البسيطة ماصة,EGP189.57EGP947.38-80%,96.6%,https://ar.aliexpress.com/item/33046148784.html?pdp_ext_f=%7B%22sku_id%22%3A%2212000027302667455%22%7D&utparam-url=scene%3Asearch%7Cquery_from%3A
محرك أقراص فلاش USB فواكه على شكل البطيخ والفراولة والأناناس والأناناس محرك أقراص 256GB Cle USB 128GB 64GB 32GB 16GB قلم حملة عصا موميريا,EGP166.35EGP221.80-25%,96.6%,https://ar.aliexpress.com/item/4001219975061.html?pdp_ext_f=%7B%22sku_id%22%3A%2212000033759969209%22%7D&utparam-url=scene%3Asearch%7Cquery_from%3A
KW-الثلاثي 4 حفرة الإبداعية الفطر ثقب الناخس القرص حلقة ملزمة القاطع T-نوع ورقة الناخس الحرفية Diy بها بنفسك أداة مكاتب القرطاسية,"EGP682.45EGP1,452.11-53%",98.7%,https://ar.aliexpress.com/item/1005004384272516.html?pdp_ext_f=%7B%22sku_id%22%3A%2212000028990330972%22%7D&utparam-url=scene%3Asearch%7Cquery_from%3A
51 قطعة/المجموعة/المجموعة إيفا جزء أداة المظاهرة على شكل دائري مونتيسوري الرياضيات ألعاب تعليمية للأطفال طالب تعلم الرياضيات أدوات,"EGP64.45 / الكثير (51 قطع)
EGP91.94-30%
  أكثر من10 قطع، خصم إضافي1%",95.5%,https://ar.aliexpress.com/item/1005003628625254.html?pdp_ext_f=%7B%22sku_id%22%3A%2212000026564510417%22%7D&utparam-url=scene%3Asearch%7Cquery_from%3A
متعدد أوسب الفاصل محور ، محول الطاقة ، متعددة المتوسع ، التبديل ، 30 سنتيمتر كابل ، محطات الإرساء ، أوسب 3.0 ، 4 ميناء ، 7 منافذ ، أوسب هاب 2.0,EGP187.21EGP416.03-55%,95.6%,https://ar.aliexpress.com/item/1005005418055003.html?pdp_ext_f=%7B%22sku_id%22%3A%2212000032983120347%22%7D&utparam-url=scene%3Asearch%7Cquery_from%3A
مقص صغير محمول قابل للطي ، أداة فنية بسيطة لقطع الورق من Morandi ، أدوات إبداعية ثابتة ، مكتب ومستلزمات مدرسية,EGP41.66EGP92.55-55%,96.9%,https://ar.aliexpress.com/item/1005006040385706.html?pdp_ext_f=%7B%22sku_id%22%3A%2212000035444582617%22%7D&utparam-url=scene%3Asearch%7Cquery_from%3A
هانيويل-PTM7950 سيليكون الوسادة المحمول المرحلة تغيير سيليكون الشحوم الوسادة 8.5 واط/mk وحدة المعالجة المركزية GPU الحرارية موصل لصق الوسادة J60A,"EGP129.38EGP172.51-25%
  أكثر من3 قطع، خصم إضافي1%",94.0%,https://ar.aliexpress.com/item/1005005378292083.html?pdp_ext_f=%7B%22sku_id%22%3A%2212000032806555555%22%7D&utparam-url=scene%3Asearch%7Cquery_from%3A
Asrock-B550M برو SE اللوحة الأم ، المقبس AM4 ، DDR4 ، 128GB ، PCI-E 4.0 ، SATA III ، 4733 + OC ، MHz ، USB 3.2 ، B550 ، AMD PRO565 ، جديد,"EGP5,449.67EGP7,266.23-25%",96.9%,https://ar.aliexpress.com/item/1005006011389501.html?pdp_ext_f=%7B%22sku_id%22%3A%2212000037137849824%22%7D&utparam-url=scene%3Asearch%7Cquery_from%3A
1 قطعة Lytwtw's القط لون الحلوى Kawaii القرطاسية الكرتون الرسم هدية الكورية مكتب مدرسة هريرة مستقيم مسطرة خشبية,EGP26.07EGP37.44-30%,97.3%,https://ar.aliexpress.com/item/4000390010439.html?pdp_ext_f=%7B%22sku_id%22%3A%2210000001591540946%22%7D&utparam-url=scene%3Asearch%7Cquery_from%3A
Pcr-جهاز طرد مركزي رقمي عالي السرعة ، 4000 دورة في الدقيقة ، 12000 دورة في الدقيقة ، 0.2 مللي ، 0.5 مللي ، 1.5 مللي ، 2 مللي ، أنبوب طرد مركزي ، 110 فولت ، 220 فولت,"EGP2,606.59EGP3,258.24-20%
  أكثر من20 قطع، خصم إضافي15%",96.1%,https://ar.aliexpress.com/item/1005001812054796.html?pdp_ext_f=%7B%22sku_id%22%3A%2212000018000652536%22%7D&utparam-url=scene%3Asearch%7Cquery_from%3A
